RuleId,Priority,Filter1,Filter2,Filter3,Filter4,OutputValue
1,404,BBB,BBB,CCC,AAA,7974
2,739,DDD,<ANY>,BBB,DDD,5134
3,541,AAA,AAA,CCC,DDD,2764
4,853,<ANY>,<ANY>,DDD,AAA,7062
5,648,CCC,DDD,AAA,AAA,8128
6,299,DDD,<ANY>,<ANY>,DDD,13025
7,214,CCC,BBB,CCC,DDD,19783
8,676,DDD,BBB,<ANY>,<ANY>,17684
9,454,DDD,AAA,<ANY>,AAA,6747
10,809,BBB,<ANY>,BBB,BBB,11332
11,849,CCC,BBB,CCC,BBB,19913
12,227,DDD,DDD,CCC,BBB,8510
13,255,DDD,<ANY>,BBB,BBB,15881
14,745,CCC,AAA,CCC,DDD,4925
15,613,CCC,AAA,<ANY>,DDD,11671
16,329,CCC,<ANY>,BBB,CCC,12216
17,73,CCC,BBB,BBB,DDD,13591
18,680,CCC,DDD,DDD,AAA,14463
19,916,<ANY>,<ANY>,DDD,DDD,2751
20,405,AAA,DDD,AAA,CCC,13867
21,167,DDD,DDD,BBB,AAA,15432
22,553,<ANY>,CCC,CCC,BBB,11051
23,703,CCC,BBB,AAA,DDD,7278
24,595,<ANY>,AAA,CCC,BBB,12399
25,847,DDD,DDD,BBB,DDD,3872
26,71,<ANY>,AAA,<ANY>,CCC,14527
27,965,DDD,AAA,DDD,BBB,3585
28,460,AAA,BBB,BBB,DDD,6997
29,983,CCC,DDD,BBB,CCC,10689
30,189,AAA,<ANY>,CCC,BBB,16241
31,500,DDD,<ANY>,DDD,AAA,8873
32,984,<ANY>,<ANY>,DDD,AAA,1624
33,859,BBB,AAA,CCC,CCC,8888
34,81,CCC,CCC,BBB,DDD,3724
35,791,<ANY>,CCC,CCC,AAA,11910
36,765,DDD,BBB,<ANY>,AAA,4143
37,918,DDD,AAA,BBB,DDD,9554
38,429,CCC,BBB,<ANY>,BBB,3556
39,117,BBB,DDD,AAA,CCC,969
40,425,AAA,<ANY>,BBB,<ANY>,9632
41,660,BBB,<ANY>,AAA,DDD,9633
42,615,DDD,DDD,DDD,AAA,4199
43,506,CCC,CCC,CCC,<ANY>,15744
44,368,<ANY>,AAA,AAA,BBB,16170
45,651,<ANY>,BBB,CCC,CCC,19246
46,193,AAA,AAA,CCC,CCC,18780
47,476,AAA,CCC,DDD,CCC,17630
48,406,AAA,AAA,CCC,<ANY>,10195
49,777,CCC,DDD,BBB,CCC,4273
50,55,<ANY>,CCC,CCC,CCC,6482
51,327,CCC,DDD,BBB,AAA,5305
52,691,<ANY>,DDD,<ANY>,BBB,6660
53,463,<ANY>,<ANY>,<ANY>,CCC,10116
54,453,AAA,BBB,<ANY>,AAA,11133
55,616,AAA,CCC,<ANY>,DDD,16910
56,731,AAA,<ANY>,DDD,DDD,2240
57,383,DDD,<ANY>,AAA,BBB,11250
58,787,AAA,DDD,BBB,<ANY>,13283
59,73,AAA,BBB,BBB,AAA,324
60,3,BBB,<ANY>,DDD,<ANY>,18736
61,330,AAA,AAA,AAA,DDD,10487
62,157,CCC,CCC,CCC,<ANY>,3398
63,553,DDD,DDD,<ANY>,AAA,10255
64,616,CCC,CCC,CCC,<ANY>,15431
65,990,AAA,<ANY>,CCC,DDD,18652
66,323,AAA,<ANY>,DDD,DDD,11252
67,243,CCC,<ANY>,DDD,<ANY>,778
68,210,BBB,CCC,<ANY>,BBB,7271
69,65,CCC,<ANY>,<ANY>,CCC,2366
70,752,<ANY>,<ANY>,BBB,<ANY>,13373
71,607,BBB,<ANY>,AAA,CCC,14591
72,378,DDD,BBB,CCC,AAA,9558
73,393,AAA,BBB,CCC,AAA,11004
74,276,DDD,CCC,<ANY>,BBB,19823
75,172,BBB,<ANY>,BBB,<ANY>,18117
76,418,CCC,DDD,<ANY>,<ANY>,3327
77,134,DDD,CCC,CCC,BBB,10970
78,757,<ANY>,AAA,BBB,<ANY>,16084
79,618,CCC,DDD,<ANY>,CCC,5867
80,195,CCC,<ANY>,DDD,<ANY>,11810
81,804,AAA,BBB,DDD,<ANY>,15654
82,570,AAA,CCC,AAA,CCC,16525
83,837,AAA,AAA,CCC,CCC,13489
84,318,DDD,<ANY>,<ANY>,BBB,13820
85,679,DDD,<ANY>,CCC,AAA,14548
86,190,DDD,CCC,CCC,AAA,7447
87,436,BBB,<ANY>,AAA,AAA,2032
88,886,AAA,BBB,DDD,<ANY>,2240
89,1,DDD,<ANY>,CCC,BBB,5393
90,199,CCC,<ANY>,<ANY>,BBB,11574
91,764,CCC,<ANY>,CCC,DDD,7135
92,56,DDD,AAA,BBB,DDD,7259
93,842,BBB,CCC,CCC,DDD,94
94,96,BBB,CCC,BBB,DDD,8589
95,616,<ANY>,CCC,DDD,CCC,1140
96,391,<ANY>,DDD,<ANY>,<ANY>,13478
97,816,DDD,AAA,CCC,BBB,456
98,602,DDD,<ANY>,BBB,CCC,4987
99,880,BBB,DDD,BBB,AAA,7389
100,516,AAA,AAA,<ANY>,BBB,11751
101,538,<ANY>,AAA,CCC,CCC,2491
102,429,AAA,AAA,<ANY>,CCC,6635
103,980,DDD,BBB,<ANY>,BBB,12956
104,184,DDD,DDD,DDD,<ANY>,3423
105,931,DDD,CCC,CCC,CCC,18479
106,386,BBB,BBB,BBB,DDD,19269
107,458,DDD,DDD,BBB,<ANY>,9696
108,187,DDD,DDD,BBB,DDD,8716
109,532,CCC,DDD,<ANY>,<ANY>,8944
110,900,DDD,AAA,CCC,CCC,17567
111,7,BBB,<ANY>,<ANY>,BBB,5347
112,710,AAA,DDD,CCC,CCC,19728
113,906,AAA,<ANY>,<ANY>,<ANY>,12925
114,267,BBB,BBB,BBB,<ANY>,8393
115,95,DDD,BBB,<ANY>,<ANY>,16999
116,142,BBB,AAA,DDD,<ANY>,19010
117,730,BBB,<ANY>,BBB,AAA,17988
118,305,BBB,CCC,BBB,BBB,2177
119,988,DDD,<ANY>,DDD,<ANY>,12127
120,124,AAA,BBB,AAA,<ANY>,5364
121,703,BBB,DDD,<ANY>,AAA,4166
122,123,<ANY>,<ANY>,CCC,<ANY>,8018
123,976,CCC,CCC,DDD,BBB,11773
124,366,AAA,AAA,CCC,<ANY>,3241
125,107,AAA,<ANY>,CCC,DDD,19442
126,412,BBB,BBB,BBB,DDD,2478
127,471,CCC,AAA,<ANY>,DDD,13416
128,504,DDD,DDD,DDD,DDD,11629
129,929,CCC,DDD,AAA,AAA,17327
130,768,AAA,AAA,DDD,BBB,2608
131,555,AAA,BBB,DDD,DDD,19625
132,943,BBB,DDD,<ANY>,DDD,6634
133,37,DDD,DDD,BBB,DDD,11055
134,495,BBB,<ANY>,CCC,<ANY>,12916
135,655,<ANY>,DDD,<ANY>,<ANY>,7690
136,297,CCC,CCC,<ANY>,<ANY>,603
137,825,DDD,DDD,BBB,DDD,10241
138,248,BBB,CCC,<ANY>,<ANY>,895
139,253,BBB,DDD,CCC,DDD,10240
140,172,DDD,<ANY>,CCC,<ANY>,1267
141,857,DDD,DDD,DDD,CCC,11979
142,798,<ANY>,AAA,AAA,BBB,8388
143,139,AAA,<ANY>,DDD,<ANY>,4759
144,688,CCC,DDD,<ANY>,BBB,6270
145,485,<ANY>,AAA,BBB,AAA,3827
146,759,DDD,AAA,DDD,BBB,1309
147,631,CCC,DDD,<ANY>,CCC,5303
148,422,DDD,CCC,DDD,DDD,18358
149,729,AAA,AAA,AAA,<ANY>,8535
150,435,BBB,CCC,BBB,CCC,9906
151,661,<ANY>,BBB,BBB,BBB,8037
152,762,CCC,DDD,BBB,AAA,11855
153,253,AAA,BBB,AAA,<ANY>,11807
154,622,DDD,BBB,AAA,<ANY>,19849
155,795,CCC,AAA,DDD,AAA,5113
156,235,BBB,CCC,DDD,CCC,11207
157,33,CCC,BBB,CCC,<ANY>,2379
158,593,<ANY>,DDD,CCC,CCC,13186
159,986,CCC,DDD,DDD,<ANY>,18676
160,851,AAA,BBB,CCC,DDD,1548
161,623,<ANY>,BBB,<ANY>,AAA,14055
162,330,<ANY>,BBB,<ANY>,CCC,16505
163,101,<ANY>,BBB,<ANY>,BBB,7164
164,563,BBB,AAA,DDD,DDD,2006
165,818,<ANY>,AAA,DDD,BBB,4953
166,197,<ANY>,CCC,CCC,DDD,12475
167,905,BBB,AAA,AAA,<ANY>,8938
168,87,BBB,BBB,<ANY>,DDD,11547
169,549,AAA,AAA,BBB,CCC,2443
170,100,<ANY>,CCC,AAA,DDD,16585
171,539,DDD,BBB,AAA,DDD,438
172,191,CCC,<ANY>,BBB,BBB,3463
173,543,<ANY>,AAA,BBB,<ANY>,1755
174,672,CCC,<ANY>,DDD,DDD,6831
175,98,DDD,AAA,<ANY>,<ANY>,19650
176,182,CCC,CCC,AAA,AAA,12639
177,575,<ANY>,AAA,BBB,AAA,14872
178,79,AAA,<ANY>,BBB,CCC,6208
179,23,<ANY>,CCC,BBB,DDD,5147
180,608,AAA,CCC,DDD,DDD,8245
181,126,DDD,BBB,BBB,CCC,5774
182,247,<ANY>,AAA,CCC,CCC,14124
183,341,BBB,<ANY>,BBB,AAA,1567
184,823,DDD,BBB,CCC,DDD,5505
185,564,<ANY>,DDD,CCC,<ANY>,3507
186,408,BBB,CCC,DDD,<ANY>,12661
187,120,<ANY>,CCC,DDD,BBB,17796
188,524,BBB,BBB,BBB,AAA,3920
189,910,AAA,<ANY>,BBB,CCC,9055
190,355,AAA,DDD,BBB,AAA,912
191,290,CCC,CCC,DDD,BBB,18328
192,474,BBB,CCC,DDD,<ANY>,6376
193,542,DDD,DDD,<ANY>,DDD,12412
194,310,CCC,CCC,AAA,CCC,2575
195,709,CCC,BBB,DDD,BBB,6382
196,404,<ANY>,AAA,CCC,BBB,3451
197,592,AAA,<ANY>,<ANY>,BBB,4209
198,564,CCC,AAA,BBB,CCC,16549
199,456,<ANY>,<ANY>,CCC,DDD,9757
200,467,AAA,DDD,BBB,BBB,19296
201,95,<ANY>,DDD,CCC,<ANY>,9648
202,655,BBB,AAA,<ANY>,AAA,8154
203,525,AAA,AAA,AAA,DDD,3259
204,152,<ANY>,CCC,DDD,CCC,5448
205,584,AAA,BBB,AAA,CCC,3045
206,759,DDD,AAA,<ANY>,CCC,15219
207,6,<ANY>,CCC,AAA,<ANY>,16226
208,80,<ANY>,DDD,CCC,BBB,3442
209,942,CCC,<ANY>,CCC,CCC,9379
210,903,AAA,<ANY>,BBB,<ANY>,13455
211,557,CCC,DDD,CCC,AAA,12498
212,134,CCC,<ANY>,CCC,CCC,4065
213,354,BBB,BBB,CCC,DDD,15173
214,19,BBB,BBB,CCC,BBB,16597
215,867,DDD,CCC,CCC,BBB,17325
216,263,BBB,<ANY>,<ANY>,BBB,19972
217,874,BBB,<ANY>,CCC,AAA,12318
218,733,BBB,CCC,CCC,AAA,1577
219,415,BBB,AAA,AAA,DDD,17984
220,36,BBB,BBB,CCC,DDD,12590
221,658,DDD,BBB,<ANY>,AAA,2428
222,815,BBB,DDD,<ANY>,DDD,4327
223,77,BBB,CCC,CCC,DDD,4409
224,716,CCC,BBB,AAA,AAA,19296
225,896,DDD,<ANY>,CCC,<ANY>,1535
226,219,DDD,DDD,BBB,<ANY>,16823
227,734,DDD,BBB,AAA,AAA,19831
228,272,AAA,DDD,AAA,<ANY>,16813
229,299,AAA,CCC,CCC,CCC,17134
230,342,CCC,DDD,DDD,BBB,1655
231,605,BBB,<ANY>,DDD,<ANY>,5767
232,204,<ANY>,AAA,DDD,BBB,5479
233,900,BBB,AAA,CCC,<ANY>,3738
234,17,DDD,DDD,DDD,BBB,7947
235,173,<ANY>,AAA,CCC,DDD,579
236,779,<ANY>,DDD,BBB,BBB,7218
237,610,DDD,AAA,CCC,BBB,7295
238,691,DDD,CCC,CCC,AAA,3962
239,675,DDD,CCC,DDD,BBB,9286
240,931,AAA,<ANY>,<ANY>,AAA,2091
241,644,BBB,CCC,CCC,CCC,6160
242,993,<ANY>,DDD,CCC,<ANY>,17385
243,460,BBB,<ANY>,DDD,AAA,19687
244,956,BBB,DDD,DDD,<ANY>,10132
245,126,AAA,AAA,DDD,<ANY>,3100
246,247,<ANY>,AAA,DDD,BBB,161
247,701,DDD,BBB,<ANY>,CCC,15824
248,187,BBB,DDD,CCC,BBB,16047
249,610,AAA,BBB,<ANY>,CCC,2995
250,182,CCC,CCC,<ANY>,AAA,16784
251,411,<ANY>,CCC,DDD,BBB,1446
252,992,DDD,BBB,AAA,AAA,8483
253,335,CCC,CCC,BBB,AAA,2393
254,498,DDD,<ANY>,<ANY>,AAA,12317
255,496,AAA,DDD,BBB,BBB,13487
256,231,CCC,<ANY>,BBB,DDD,19308
257,603,BBB,AAA,DDD,CCC,18895
258,665,CCC,DDD,<ANY>,DDD,2331
259,950,AAA,<ANY>,DDD,CCC,6837
260,858,CCC,DDD,BBB,<ANY>,8586
261,580,AAA,DDD,CCC,DDD,8282
262,952,BBB,BBB,AAA,<ANY>,4511
263,198,<ANY>,CCC,<ANY>,AAA,9822
264,302,CCC,BBB,DDD,CCC,6957
265,536,<ANY>,DDD,AAA,CCC,3110
266,570,DDD,AAA,<ANY>,<ANY>,16623
267,716,DDD,AAA,DDD,CCC,19930
268,304,<ANY>,<ANY>,BBB,AAA,14212
269,874,BBB,CCC,DDD,CCC,6918
270,544,CCC,AAA,CCC,AAA,9447
271,573,CCC,DDD,AAA,<ANY>,13044
272,409,<ANY>,DDD,<ANY>,<ANY>,9880
273,824,BBB,DDD,BBB,BBB,8166
274,843,DDD,DDD,DDD,AAA,932
275,572,BBB,AAA,<ANY>,AAA,8737
276,83,DDD,<ANY>,DDD,CCC,14889
277,649,AAA,AAA,DDD,DDD,3961
278,648,DDD,CCC,DDD,DDD,10647
279,388,DDD,CCC,BBB,BBB,5428
280,190,DDD,AAA,<ANY>,BBB,1164
281,675,AAA,<ANY>,CCC,AAA,11657
282,293,AAA,AAA,<ANY>,BBB,4113
283,747,BBB,AAA,<ANY>,AAA,17008
284,274,<ANY>,<ANY>,AAA,AAA,18848
285,508,BBB,DDD,CCC,<ANY>,13004
286,801,AAA,AAA,<ANY>,AAA,17768
287,600,CCC,AAA,<ANY>,<ANY>,4514
288,693,BBB,BBB,CCC,<ANY>,15751
289,782,AAA,BBB,<ANY>,CCC,10407
290,210,AAA,BBB,CCC,<ANY>,6844
291,234,<ANY>,AAA,CCC,<ANY>,12572
292,683,CCC,<ANY>,BBB,AAA,10351
293,647,BBB,<ANY>,DDD,BBB,13461
294,976,AAA,CCC,DDD,<ANY>,3133
295,129,BBB,DDD,DDD,<ANY>,2402
296,13,<ANY>,DDD,DDD,AAA,13135
297,761,AAA,CCC,AAA,<ANY>,9170
298,949,<ANY>,CCC,AAA,BBB,17675
299,79,DDD,BBB,DDD,AAA,14443
300,985,<ANY>,BBB,AAA,CCC,9135
301,483,BBB,CCC,CCC,CCC,1859
302,605,AAA,BBB,AAA,BBB,19766
303,968,CCC,<ANY>,BBB,BBB,14019
304,245,<ANY>,CCC,DDD,DDD,14991
305,844,CCC,BBB,DDD,DDD,8675
306,610,DDD,AAA,AAA,BBB,13152
307,784,DDD,BBB,<ANY>,AAA,7564
308,618,DDD,AAA,DDD,CCC,18106
309,19,BBB,AAA,DDD,AAA,9341
310,432,AAA,CCC,AAA,BBB,15478
311,989,<ANY>,DDD,AAA,AAA,16209
312,532,CCC,CCC,BBB,DDD,3402
313,29,<ANY>,<ANY>,AAA,DDD,12552
314,418,AAA,AAA,AAA,DDD,15160
315,368,<ANY>,BBB,<ANY>,AAA,1732
316,619,CCC,DDD,<ANY>,BBB,8275
317,634,<ANY>,BBB,BBB,DDD,15908
318,411,BBB,BBB,AAA,DDD,10025
319,305,DDD,BBB,DDD,DDD,17142
320,318,<ANY>,AAA,BBB,CCC,9144
321,553,CCC,DDD,BBB,DDD,5842
322,218,BBB,DDD,AAA,BBB,16692
323,489,DDD,CCC,<ANY>,DDD,17074
324,60,CCC,CCC,AAA,CCC,4221
325,965,CCC,CCC,CCC,DDD,2537
326,481,CCC,<ANY>,CCC,CCC,17669
327,137,AAA,AAA,AAA,CCC,18897
328,411,<ANY>,<ANY>,BBB,CCC,16949
329,640,BBB,AAA,CCC,CCC,12651
330,353,AAA,AAA,DDD,AAA,18694
331,165,BBB,BBB,<ANY>,BBB,18045
332,857,DDD,DDD,CCC,DDD,2865
333,847,<ANY>,CCC,CCC,CCC,1118
334,304,BBB,<ANY>,AAA,AAA,10707
335,364,DDD,CCC,AAA,AAA,9576
336,830,CCC,BBB,<ANY>,DDD,14355
337,186,DDD,DDD,DDD,<ANY>,155
338,45,<ANY>,<ANY>,CCC,AAA,10022
339,81,<ANY>,<ANY>,BBB,DDD,4600
340,509,BBB,CCC,BBB,BBB,4837
341,729,DDD,CCC,<ANY>,BBB,4247
342,604,<ANY>,CCC,CCC,<ANY>,4790
343,878,<ANY>,<ANY>,CCC,DDD,7257
344,1,CCC,<ANY>,CCC,DDD,10956
345,858,AAA,CCC,CCC,<ANY>,7623
346,256,BBB,<ANY>,AAA,<ANY>,12251
347,794,AAA,CCC,AAA,DDD,16573
348,867,BBB,DDD,CCC,CCC,17893
349,280,BBB,BBB,CCC,CCC,18273
350,545,CCC,AAA,BBB,BBB,11442
351,328,DDD,AAA,<ANY>,CCC,51
352,132,<ANY>,CCC,DDD,AAA,2984
353,94,AAA,AAA,BBB,<ANY>,8202
354,729,DDD,AAA,DDD,CCC,16793
355,338,DDD,<ANY>,CCC,DDD,8143
356,814,DDD,<ANY>,DDD,AAA,18370
357,98,<ANY>,CCC,CCC,BBB,12122
358,735,BBB,CCC,CCC,DDD,14271
359,29,DDD,DDD,BBB,AAA,19007
360,119,BBB,<ANY>,<ANY>,<ANY>,2042
361,171,AAA,AAA,CCC,<ANY>,8405
362,290,CCC,DDD,DDD,CCC,6698
363,103,AAA,BBB,CCC,DDD,11146
364,521,BBB,BBB,BBB,DDD,13025
365,978,AAA,AAA,CCC,DDD,10520
366,19,CCC,DDD,AAA,AAA,12805
367,203,CCC,CCC,BBB,CCC,11773
368,927,<ANY>,BBB,DDD,CCC,4888
369,215,AAA,AAA,AAA,<ANY>,1665
370,146,CCC,CCC,AAA,<ANY>,7507
371,205,<ANY>,BBB,CCC,CCC,1122
372,951,AAA,DDD,DDD,CCC,10943
373,207,BBB,CCC,DDD,<ANY>,18180
374,114,BBB,AAA,DDD,DDD,16105
375,750,<ANY>,CCC,DDD,AAA,3867
376,771,AAA,DDD,<ANY>,DDD,18363
377,394,DDD,AAA,CCC,CCC,10218
378,23,AAA,<ANY>,<ANY>,<ANY>,11989
379,578,AAA,AAA,AAA,BBB,16315
380,716,CCC,AAA,CCC,DDD,8255
381,556,CCC,<ANY>,BBB,<ANY>,5045
382,976,CCC,BBB,CCC,DDD,2703
383,194,DDD,<ANY>,AAA,CCC,15503
384,11,CCC,<ANY>,BBB,BBB,5397
385,580,DDD,AAA,DDD,<ANY>,12320
386,533,AAA,DDD,<ANY>,DDD,17511
387,624,BBB,AAA,<ANY>,DDD,9826
388,493,CCC,CCC,<ANY>,CCC,14948
389,548,BBB,CCC,AAA,AAA,12806
390,48,DDD,BBB,<ANY>,AAA,4159
391,462,AAA,DDD,AAA,AAA,17641
392,542,DDD,BBB,BBB,BBB,19079
393,703,BBB,DDD,AAA,AAA,11351
394,238,DDD,DDD,CCC,CCC,12146
395,319,<ANY>,DDD,AAA,BBB,2642
396,984,<ANY>,AAA,DDD,AAA,12018
397,997,BBB,AAA,DDD,CCC,19449
398,96,<ANY>,<ANY>,CCC,CCC,3049
399,345,CCC,<ANY>,AAA,BBB,19419
400,393,<ANY>,BBB,DDD,DDD,15085
401,684,DDD,AAA,DDD,BBB,9733
402,330,CCC,<ANY>,<ANY>,CCC,2587
403,947,DDD,BBB,BBB,<ANY>,2131
404,233,BBB,<ANY>,CCC,CCC,14396
405,659,<ANY>,<ANY>,AAA,BBB,14385
406,50,<ANY>,<ANY>,<ANY>,CCC,10205
407,589,<ANY>,CCC,AAA,BBB,14416
408,31,CCC,AAA,DDD,<ANY>,13974
409,676,AAA,BBB,DDD,<ANY>,253
410,915,<ANY>,AAA,<ANY>,DDD,6351
411,638,BBB,CCC,CCC,BBB,12422
412,722,<ANY>,BBB,CCC,<ANY>,3755
413,587,DDD,AAA,BBB,AAA,18906
414,959,<ANY>,<ANY>,BBB,CCC,16585
415,695,AAA,CCC,CCC,BBB,19982
416,620,BBB,CCC,CCC,<ANY>,8242
417,505,DDD,<ANY>,DDD,BBB,8058
418,485,CCC,AAA,DDD,AAA,9523
419,186,CCC,BBB,DDD,BBB,12647
420,175,DDD,CCC,<ANY>,CCC,5579
421,358,BBB,<ANY>,<ANY>,BBB,13093
422,256,CCC,AAA,DDD,<ANY>,1785
423,152,BBB,CCC,BBB,DDD,18907
424,704,AAA,<ANY>,CCC,DDD,4990
425,625,AAA,CCC,BBB,DDD,11799
426,483,AAA,DDD,<ANY>,BBB,10676
427,335,BBB,AAA,AAA,CCC,12833
428,428,DDD,BBB,<ANY>,CCC,2970
429,129,DDD,AAA,AAA,DDD,11146
430,142,BBB,<ANY>,AAA,<ANY>,8277
431,78,DDD,<ANY>,BBB,DDD,18521
432,421,CCC,DDD,DDD,CCC,9418
433,638,DDD,<ANY>,DDD,<ANY>,14910
434,741,AAA,DDD,DDD,<ANY>,7725
435,185,CCC,CCC,AAA,DDD,19186
436,71,DDD,AAA,DDD,BBB,15375
437,840,DDD,BBB,BBB,<ANY>,6850
438,724,DDD,<ANY>,<ANY>,CCC,17213
439,708,<ANY>,BBB,DDD,<ANY>,14944
440,540,BBB,BBB,DDD,DDD,17471
441,756,<ANY>,BBB,CCC,<ANY>,6300
442,213,<ANY>,AAA,AAA,<ANY>,6518
443,254,AAA,BBB,CCC,DDD,13648
444,916,<ANY>,CCC,<ANY>,CCC,2610
445,383,CCC,CCC,<ANY>,CCC,6189
446,351,CCC,BBB,BBB,AAA,11074
447,934,DDD,AAA,CCC,DDD,16145
448,393,BBB,<ANY>,<ANY>,AAA,5069
449,126,AAA,BBB,BBB,AAA,18266
450,561,<ANY>,<ANY>,DDD,DDD,12622
451,675,BBB,BBB,BBB,<ANY>,11985
452,748,BBB,BBB,DDD,AAA,19307
453,153,CCC,AAA,CCC,BBB,5135
454,917,BBB,BBB,BBB,BBB,14925
455,184,CCC,CCC,DDD,BBB,1388
456,836,DDD,BBB,DDD,AAA,17576
457,997,<ANY>,BBB,<ANY>,AAA,8721
458,283,BBB,AAA,AAA,AAA,13972
459,660,DDD,CCC,AAA,BBB,8322
460,278,BBB,CCC,AAA,DDD,5816
461,514,BBB,CCC,DDD,<ANY>,6983
462,797,DDD,DDD,<ANY>,CCC,4597
463,256,DDD,BBB,AAA,CCC,5306
464,593,CCC,<ANY>,BBB,CCC,9381
465,246,<ANY>,CCC,DDD,AAA,13438
466,427,BBB,DDD,CCC,CCC,8889
467,217,<ANY>,AAA,BBB,CCC,6567
468,147,<ANY>,AAA,BBB,DDD,18870
469,128,BBB,DDD,AAA,DDD,18638
470,283,DDD,CCC,CCC,AAA,17225
471,98,<ANY>,<ANY>,AAA,DDD,4245
472,950,BBB,AAA,DDD,CCC,4038
473,948,<ANY>,AAA,BBB,DDD,16960
474,370,CCC,BBB,AAA,BBB,6217
475,238,CCC,AAA,<ANY>,AAA,11853
476,963,CCC,AAA,CCC,CCC,15621
477,99,<ANY>,DDD,CCC,DDD,15039
478,498,AAA,DDD,AAA,AAA,16418
479,219,<ANY>,BBB,AAA,AAA,7535
480,623,BBB,AAA,DDD,DDD,1939
481,135,<ANY>,CCC,CCC,DDD,16107
482,529,AAA,BBB,AAA,CCC,2708
483,558,BBB,AAA,DDD,<ANY>,7501
484,325,CCC,BBB,BBB,DDD,16541
485,169,AAA,<ANY>,BBB,AAA,11343
486,211,AAA,DDD,CCC,AAA,2115
487,174,BBB,<ANY>,CCC,BBB,19253
488,741,AAA,DDD,CCC,AAA,14344
489,118,CCC,AAA,DDD,<ANY>,14352
490,856,CCC,AAA,<ANY>,BBB,1840
491,778,CCC,DDD,<ANY>,CCC,19630
492,358,AAA,<ANY>,BBB,<ANY>,7353
493,897,BBB,<ANY>,CCC,BBB,7476
494,902,CCC,AAA,CCC,DDD,15126
495,321,DDD,<ANY>,DDD,BBB,19254
496,767,BBB,CCC,<ANY>,CCC,13145
497,602,CCC,<ANY>,CCC,<ANY>,17592
498,89,BBB,<ANY>,CCC,<ANY>,3750
499,534,CCC,BBB,CCC,AAA,7482
500,861,DDD,DDD,CCC,DDD,631
501,480,CCC,BBB,<ANY>,<ANY>,7332
502,987,BBB,<ANY>,BBB,AAA,10943
503,292,DDD,<ANY>,BBB,CCC,571
504,749,BBB,AAA,BBB,CCC,9488
505,28,<ANY>,<ANY>,BBB,CCC,3478
506,452,<ANY>,DDD,BBB,<ANY>,315
507,527,CCC,<ANY>,DDD,DDD,13108
508,884,<ANY>,BBB,BBB,<ANY>,16767
509,323,AAA,BBB,CCC,DDD,12716
510,104,BBB,AAA,BBB,DDD,3022
511,802,CCC,DDD,BBB,CCC,7858
512,620,<ANY>,DDD,BBB,<ANY>,15915
513,133,AAA,<ANY>,BBB,CCC,11241
514,712,CCC,CCC,AAA,CCC,9865
515,69,BBB,<ANY>,<ANY>,AAA,8786
516,877,<ANY>,DDD,DDD,BBB,5820
517,441,DDD,<ANY>,CCC,CCC,19602
518,497,BBB,DDD,AAA,AAA,18766
519,697,<ANY>,AAA,CCC,CCC,8294
520,507,CCC,DDD,AAA,AAA,13109
521,65,AAA,BBB,<ANY>,<ANY>,6745
522,10,AAA,CCC,<ANY>,AAA,10946
523,616,<ANY>,CCC,DDD,CCC,14922
524,856,DDD,AAA,CCC,DDD,19189
525,744,<ANY>,AAA,<ANY>,BBB,17896
526,768,DDD,AAA,<ANY>,BBB,19709
527,716,CCC,DDD,CCC,CCC,7005
528,850,BBB,BBB,AAA,BBB,832
529,948,BBB,CCC,DDD,CCC,19135
530,993,CCC,CCC,CCC,AAA,16154
531,769,<ANY>,AAA,CCC,<ANY>,10131
532,939,BBB,<ANY>,<ANY>,DDD,17382
533,482,CCC,CCC,BBB,CCC,7178
534,242,DDD,DDD,AAA,DDD,13415
535,751,CCC,BBB,AAA,<ANY>,10256
536,779,CCC,DDD,AAA,AAA,13637
537,913,<ANY>,<ANY>,DDD,CCC,3496
538,627,BBB,BBB,BBB,DDD,4863
539,312,DDD,BBB,CCC,CCC,12150
540,683,<ANY>,CCC,DDD,CCC,10391
541,129,<ANY>,AAA,CCC,AAA,4894
542,406,DDD,CCC,CCC,BBB,18021
543,4,AAA,DDD,<ANY>,CCC,19614
544,512,<ANY>,BBB,AAA,AAA,9912
545,30,<ANY>,CCC,DDD,CCC,2703
546,885,AAA,DDD,BBB,CCC,10371
547,917,<ANY>,AAA,DDD,AAA,15360
548,438,BBB,<ANY>,BBB,AAA,9824
549,496,DDD,DDD,CCC,DDD,4462
550,919,DDD,<ANY>,CCC,<ANY>,962
551,769,<ANY>,<ANY>,AAA,AAA,286
552,567,CCC,CCC,<ANY>,CCC,266
553,956,DDD,CCC,CCC,AAA,5280
554,148,DDD,AAA,<ANY>,AAA,8043
555,815,<ANY>,DDD,<ANY>,AAA,1793
556,940,DDD,DDD,BBB,<ANY>,19152
557,807,DDD,<ANY>,DDD,<ANY>,2667
558,545,AAA,CCC,CCC,AAA,19353
559,665,<ANY>,DDD,BBB,CCC,15097
560,335,CCC,<ANY>,BBB,DDD,17345
561,753,DDD,<ANY>,DDD,AAA,18621
562,702,AAA,BBB,BBB,BBB,16983
563,767,CCC,BBB,AAA,CCC,7086
564,533,BBB,AAA,DDD,<ANY>,3593
565,128,BBB,DDD,<ANY>,BBB,9524
566,559,CCC,CCC,BBB,<ANY>,16787
567,234,AAA,<ANY>,DDD,BBB,961
568,957,BBB,DDD,AAA,DDD,19073
569,708,AAA,AAA,CCC,<ANY>,8465
570,344,AAA,DDD,DDD,CCC,6101
571,302,CCC,<ANY>,AAA,CCC,14012
572,707,AAA,CCC,CCC,AAA,2644
573,433,AAA,CCC,CCC,AAA,14475
574,278,AAA,<ANY>,AAA,DDD,6595
575,604,CCC,<ANY>,<ANY>,BBB,10249
576,794,BBB,BBB,CCC,AAA,13231
577,157,BBB,BBB,DDD,CCC,16015
578,723,AAA,DDD,<ANY>,AAA,10790
579,835,AAA,<ANY>,DDD,AAA,6569
580,249,AAA,DDD,CCC,CCC,190
581,36,<ANY>,AAA,BBB,AAA,14483
582,882,CCC,BBB,CCC,<ANY>,9096
583,101,DDD,AAA,CCC,DDD,2617
584,755,AAA,AAA,DDD,CCC,16584
585,308,CCC,CCC,<ANY>,<ANY>,3099
586,271,<ANY>,DDD,<ANY>,<ANY>,16960
587,576,BBB,AAA,AAA,BBB,15226
588,896,BBB,AAA,DDD,CCC,13292
589,217,<ANY>,CCC,BBB,<ANY>,5632
590,63,DDD,CCC,CCC,DDD,3372
591,37,AAA,BBB,AAA,AAA,18414
592,698,CCC,DDD,CCC,DDD,7559
593,785,<ANY>,<ANY>,BBB,CCC,8073
594,944,CCC,<ANY>,AAA,AAA,13357
595,320,AAA,AAA,BBB,CCC,16431
596,745,DDD,CCC,AAA,DDD,1710
597,924,CCC,<ANY>,<ANY>,CCC,10836
598,681,CCC,<ANY>,BBB,DDD,13484
599,974,AAA,DDD,BBB,BBB,1486
600,401,CCC,<ANY>,CCC,AAA,4435
601,781,BBB,DDD,CCC,CCC,16963
602,648,<ANY>,CCC,AAA,<ANY>,8126
603,725,BBB,<ANY>,BBB,DDD,10742
604,252,BBB,<ANY>,CCC,CCC,8962
605,365,BBB,DDD,<ANY>,AAA,15702
606,141,BBB,DDD,AAA,CCC,8248
607,527,BBB,CCC,CCC,<ANY>,14344
608,979,DDD,<ANY>,DDD,DDD,5583
609,34,AAA,<ANY>,DDD,AAA,609
610,370,BBB,<ANY>,BBB,<ANY>,17337
611,443,AAA,AAA,CCC,DDD,9888
612,491,DDD,<ANY>,CCC,DDD,1727
613,431,DDD,DDD,<ANY>,AAA,4328
614,171,<ANY>,<ANY>,CCC,DDD,5287
615,708,DDD,<ANY>,<ANY>,CCC,3950
616,499,AAA,<ANY>,CCC,CCC,19881
617,201,CCC,AAA,<ANY>,DDD,7524
618,755,CCC,AAA,DDD,BBB,11097
619,30,<ANY>,AAA,<ANY>,<ANY>,7520
620,894,DDD,CCC,BBB,AAA,19025
621,259,<ANY>,DDD,DDD,AAA,14810
622,633,<ANY>,BBB,AAA,BBB,4205
623,741,DDD,DDD,BBB,BBB,1495
624,571,CCC,<ANY>,CCC,BBB,4369
625,378,CCC,<ANY>,BBB,DDD,2932
626,878,CCC,<ANY>,BBB,<ANY>,3792
627,301,BBB,BBB,CCC,DDD,13038
628,369,DDD,DDD,BBB,DDD,15073
629,847,DDD,AAA,AAA,AAA,6043
630,78,<ANY>,DDD,AAA,CCC,9240
631,782,BBB,BBB,DDD,DDD,1741
632,675,DDD,CCC,DDD,<ANY>,3598
633,504,BBB,AAA,DDD,AAA,8054
634,502,AAA,<ANY>,DDD,AAA,18300
635,4,<ANY>,<ANY>,AAA,CCC,19113
636,647,BBB,<ANY>,<ANY>,BBB,11037
637,41,BBB,DDD,DDD,CCC,9798
638,471,BBB,AAA,BBB,BBB,13812
639,894,<ANY>,DDD,BBB,AAA,11552
640,906,AAA,<ANY>,AAA,BBB,6821
641,460,BBB,<ANY>,AAA,<ANY>,31
642,344,BBB,CCC,CCC,<ANY>,18358
643,440,<ANY>,<ANY>,AAA,CCC,10641
644,599,CCC,BBB,CCC,BBB,18600
645,519,CCC,<ANY>,BBB,<ANY>,13222
646,665,CCC,CCC,AAA,DDD,9734
647,967,CCC,<ANY>,DDD,AAA,7072
648,722,CCC,CCC,CCC,AAA,1527
649,414,CCC,AAA,<ANY>,<ANY>,18991
650,368,<ANY>,<ANY>,CCC,AAA,7915
651,727,CCC,DDD,CCC,<ANY>,11410
652,981,BBB,CCC,DDD,AAA,14151
653,19,AAA,BBB,AAA,CCC,7328
654,483,AAA,<ANY>,BBB,BBB,13032
655,105,DDD,DDD,AAA,<ANY>,1234
656,844,CCC,<ANY>,<ANY>,BBB,6408
657,623,DDD,DDD,DDD,CCC,12429
658,106,CCC,BBB,DDD,CCC,5290
659,678,DDD,BBB,AAA,AAA,3257
660,837,CCC,DDD,CCC,AAA,459
661,591,<ANY>,AAA,DDD,CCC,560
662,912,CCC,<ANY>,DDD,DDD,12160
663,838,DDD,AAA,<ANY>,<ANY>,9804
664,365,CCC,DDD,<ANY>,CCC,970
665,770,BBB,BBB,<ANY>,<ANY>,1939
666,843,BBB,CCC,AAA,CCC,10910
667,767,CCC,DDD,DDD,BBB,12892
668,513,CCC,CCC,BBB,AAA,16058
669,331,AAA,BBB,<ANY>,BBB,18003
670,910,BBB,DDD,<ANY>,AAA,11239
671,274,DDD,DDD,BBB,<ANY>,14251
672,301,<ANY>,BBB,CCC,AAA,19225
673,989,DDD,CCC,<ANY>,AAA,7368
674,437,BBB,AAA,CCC,DDD,18221
675,155,<ANY>,<ANY>,DDD,DDD,5804
676,96,CCC,BBB,<ANY>,DDD,7425
677,536,<ANY>,BBB,BBB,AAA,11917
678,963,BBB,CCC,DDD,BBB,13648
679,486,<ANY>,CCC,AAA,AAA,9378
680,159,AAA,DDD,CCC,DDD,13475
681,540,DDD,BBB,DDD,AAA,13189
682,720,<ANY>,BBB,CCC,CCC,15036
683,497,<ANY>,AAA,DDD,DDD,18790
684,131,DDD,BBB,AAA,BBB,15635
685,183,DDD,AAA,CCC,CCC,3686
686,98,AAA,CCC,DDD,DDD,13172
687,146,<ANY>,CCC,<ANY>,BBB,11989
688,382,DDD,DDD,AAA,CCC,7249
689,916,AAA,AAA,CCC,BBB,11150
690,675,DDD,DDD,<ANY>,CCC,10448
691,781,CCC,AAA,DDD,AAA,17938
692,952,BBB,<ANY>,BBB,DDD,10182
693,256,DDD,AAA,BBB,AAA,14828
694,749,DDD,AAA,AAA,CCC,6614
695,244,BBB,<ANY>,AAA,<ANY>,6292
696,989,BBB,DDD,<ANY>,AAA,15055
697,138,BBB,BBB,CCC,AAA,5410
698,717,AAA,<ANY>,CCC,CCC,3511
699,698,BBB,DDD,DDD,<ANY>,6521
700,37,DDD,BBB,CCC,AAA,7131
701,273,BBB,CCC,DDD,BBB,7716
702,588,CCC,BBB,DDD,<ANY>,7201
703,504,DDD,<ANY>,AAA,DDD,4758
704,479,<ANY>,CCC,<ANY>,AAA,14826
705,893,CCC,CCC,DDD,BBB,651
706,81,CCC,<ANY>,AAA,BBB,18009
707,914,<ANY>,DDD,BBB,BBB,18470
708,493,<ANY>,<ANY>,AAA,AAA,11558
709,231,AAA,AAA,BBB,CCC,7190
710,943,BBB,AAA,CCC,BBB,15744
711,343,DDD,BBB,<ANY>,CCC,11168
712,776,AAA,BBB,<ANY>,DDD,13531
713,5,BBB,DDD,<ANY>,AAA,2035
714,900,AAA,BBB,AAA,AAA,5464
715,516,DDD,BBB,AAA,CCC,3233
716,210,CCC,AAA,AAA,AAA,15722
717,438,CCC,CCC,DDD,CCC,5424
718,378,BBB,<ANY>,CCC,DDD,821
719,44,<ANY>,CCC,BBB,AAA,4079
720,80,DDD,BBB,<ANY>,DDD,6463
721,750,BBB,<ANY>,BBB,AAA,7532
722,404,DDD,CCC,DDD,DDD,16428
723,901,AAA,BBB,DDD,CCC,16667
724,20,DDD,BBB,<ANY>,BBB,12902
725,402,CCC,<ANY>,CCC,BBB,19528
726,742,BBB,CCC,<ANY>,BBB,7967
727,709,<ANY>,BBB,<ANY>,BBB,5110
728,801,DDD,DDD,DDD,DDD,14602
729,631,BBB,<ANY>,BBB,CCC,16403
730,372,AAA,CCC,DDD,DDD,10088
731,441,<ANY>,CCC,<ANY>,BBB,11808
732,925,CCC,BBB,CCC,DDD,15747
733,964,<ANY>,DDD,BBB,<ANY>,19213
734,561,AAA,DDD,CCC,<ANY>,512
735,730,BBB,BBB,CCC,AAA,3610
736,600,AAA,AAA,<ANY>,AAA,12126
737,81,BBB,AAA,CCC,BBB,4755
738,916,DDD,<ANY>,BBB,DDD,14359
739,399,<ANY>,AAA,<ANY>,AAA,9423
740,835,BBB,BBB,AAA,<ANY>,15205
741,534,BBB,DDD,BBB,<ANY>,7722
742,73,<ANY>,CCC,BBB,<ANY>,19245
743,793,BBB,<ANY>,BBB,CCC,1327
744,815,AAA,AAA,DDD,AAA,17762
745,746,CCC,DDD,DDD,BBB,16878
746,902,AAA,AAA,CCC,CCC,2482
747,470,CCC,DDD,<ANY>,AAA,13728
748,272,CCC,DDD,DDD,CCC,9464
749,175,DDD,DDD,CCC,<ANY>,2146
750,952,AAA,AAA,BBB,<ANY>,11291
751,883,BBB,AAA,BBB,DDD,12289
752,808,DDD,BBB,CCC,DDD,19560
753,945,AAA,DDD,<ANY>,<ANY>,13697
754,820,<ANY>,CCC,DDD,BBB,14526
755,616,AAA,DDD,DDD,CCC,8434
756,23,BBB,CCC,<ANY>,DDD,10181
757,805,DDD,DDD,AAA,<ANY>,13204
758,859,DDD,BBB,BBB,BBB,7512
759,728,BBB,CCC,<ANY>,CCC,8858
760,665,CCC,AAA,<ANY>,DDD,8400
761,233,AAA,AAA,BBB,BBB,9757
762,300,<ANY>,AAA,BBB,CCC,9638
763,996,<ANY>,AAA,AAA,BBB,15016
764,73,DDD,AAA,AAA,AAA,2806
765,90,CCC,<ANY>,BBB,BBB,10802
766,444,CCC,DDD,CCC,AAA,17403
767,161,<ANY>,DDD,DDD,<ANY>,9156
768,492,<ANY>,<ANY>,CCC,AAA,1028
769,770,DDD,AAA,DDD,DDD,18794
770,671,AAA,DDD,DDD,CCC,983
771,656,CCC,DDD,DDD,CCC,463
772,238,AAA,<ANY>,CCC,<ANY>,8193
773,721,CCC,BBB,CCC,CCC,11094
774,329,DDD,DDD,<ANY>,BBB,10326
775,749,<ANY>,CCC,<ANY>,AAA,18664
776,540,BBB,BBB,<ANY>,<ANY>,2551
777,147,AAA,<ANY>,AAA,AAA,16991
778,232,DDD,<ANY>,CCC,CCC,14838
779,550,AAA,AAA,BBB,BBB,19713
780,485,CCC,CCC,<ANY>,BBB,7274
781,872,AAA,BBB,CCC,<ANY>,9842
782,463,CCC,<ANY>,DDD,BBB,12866
783,41,BBB,CCC,BBB,CCC,13371
784,997,DDD,AAA,BBB,DDD,1905
785,305,<ANY>,DDD,<ANY>,DDD,5100
786,91,<ANY>,AAA,DDD,AAA,17709
787,828,DDD,<ANY>,DDD,CCC,14232
788,388,<ANY>,CCC,DDD,CCC,8406
789,895,DDD,CCC,DDD,<ANY>,17540
790,420,AAA,DDD,AAA,CCC,8289
791,246,AAA,CCC,CCC,<ANY>,15320
792,752,DDD,<ANY>,CCC,AAA,8432
793,454,<ANY>,<ANY>,BBB,<ANY>,13920
794,884,DDD,DDD,BBB,DDD,19804
795,26,BBB,AAA,DDD,BBB,9252
796,719,AAA,DDD,<ANY>,<ANY>,8622
797,601,DDD,CCC,DDD,DDD,5090
798,53,AAA,DDD,<ANY>,<ANY>,13912
799,138,<ANY>,<ANY>,DDD,AAA,13754
800,679,CCC,BBB,DDD,BBB,3382
801,304,CCC,BBB,CCC,AAA,9992
802,867,AAA,AAA,<ANY>,<ANY>,12031
803,62,<ANY>,CCC,AAA,DDD,17442
804,597,CCC,CCC,CCC,DDD,4284
805,59,BBB,DDD,<ANY>,<ANY>,2771
806,749,DDD,BBB,CCC,<ANY>,11852
807,389,BBB,BBB,AAA,AAA,5039
808,698,<ANY>,AAA,DDD,CCC,11467
809,685,<ANY>,<ANY>,AAA,DDD,16985
810,837,DDD,DDD,AAA,BBB,19549
811,782,<ANY>,BBB,CCC,<ANY>,4586
812,231,<ANY>,DDD,DDD,DDD,13665
813,648,DDD,DDD,<ANY>,BBB,18714
814,589,<ANY>,BBB,AAA,DDD,16292
815,23,BBB,DDD,BBB,AAA,6828
816,823,<ANY>,DDD,BBB,BBB,14829
817,597,<ANY>,CCC,BBB,CCC,8198
818,589,<ANY>,CCC,DDD,<ANY>,9605
819,267,CCC,<ANY>,DDD,<ANY>,8935
820,560,AAA,BBB,CCC,DDD,15555
821,398,AAA,CCC,BBB,CCC,8283
822,7,<ANY>,CCC,DDD,DDD,8439
823,595,AAA,BBB,DDD,BBB,17051
824,980,CCC,AAA,BBB,<ANY>,6784
825,633,BBB,BBB,CCC,<ANY>,12641
826,25,BBB,<ANY>,AAA,<ANY>,225
827,176,CCC,<ANY>,BBB,DDD,1734
828,129,AAA,CCC,BBB,<ANY>,12857
829,223,DDD,DDD,<ANY>,AAA,7987
830,621,AAA,<ANY>,BBB,BBB,4891
831,95,<ANY>,<ANY>,DDD,BBB,11264
832,324,<ANY>,<ANY>,<ANY>,AAA,9439
833,510,DDD,CCC,AAA,AAA,4744
834,139,DDD,CCC,CCC,DDD,2595
835,471,<ANY>,AAA,AAA,AAA,19095
836,29,DDD,AAA,CCC,BBB,8389
837,60,DDD,DDD,AAA,DDD,14307
838,963,AAA,CCC,CCC,DDD,10183
839,328,DDD,DDD,CCC,CCC,10162
840,41,AAA,BBB,DDD,<ANY>,11161
841,520,AAA,CCC,CCC,DDD,3649
842,537,AAA,CCC,DDD,BBB,11406
843,89,DDD,DDD,CCC,DDD,18591
844,852,<ANY>,CCC,AAA,BBB,4351
845,342,BBB,<ANY>,BBB,AAA,13984
846,185,BBB,AAA,AAA,BBB,12522
847,804,<ANY>,AAA,DDD,AAA,12007
848,643,<ANY>,BBB,DDD,DDD,13400
849,809,AAA,AAA,BBB,BBB,19935
850,337,<ANY>,DDD,DDD,BBB,8403
851,457,<ANY>,CCC,DDD,<ANY>,5094
852,985,BBB,AAA,BBB,BBB,14587
853,383,CCC,CCC,AAA,AAA,9736
854,580,CCC,DDD,DDD,CCC,2153
855,263,AAA,DDD,DDD,DDD,17243
856,825,BBB,BBB,CCC,CCC,7172
857,294,AAA,AAA,DDD,BBB,15496
858,874,BBB,<ANY>,CCC,AAA,7725
859,361,DDD,BBB,DDD,DDD,4907
860,710,DDD,BBB,<ANY>,CCC,12171
861,323,AAA,<ANY>,<ANY>,BBB,11134
862,6,AAA,DDD,CCC,AAA,15330
863,785,DDD,BBB,BBB,CCC,10699
864,551,<ANY>,CCC,CCC,<ANY>,19039
865,925,<ANY>,DDD,AAA,CCC,19651
866,118,DDD,DDD,BBB,AAA,7783
867,201,DDD,BBB,AAA,DDD,16685
868,37,AAA,<ANY>,DDD,BBB,13735
869,474,DDD,CCC,DDD,AAA,10273
870,81,CCC,CCC,CCC,AAA,9971
871,613,CCC,<ANY>,DDD,DDD,2461
872,925,CCC,BBB,BBB,DDD,19240
873,350,<ANY>,BBB,CCC,AAA,7933
874,658,AAA,AAA,BBB,BBB,11150
875,752,CCC,AAA,BBB,CCC,4649
876,706,BBB,<ANY>,AAA,BBB,13226
877,160,CCC,<ANY>,BBB,BBB,3979
878,285,CCC,AAA,BBB,BBB,10502
879,240,BBB,DDD,CCC,BBB,16624
880,306,CCC,DDD,BBB,<ANY>,280
881,95,<ANY>,AAA,DDD,AAA,15182
882,1000,<ANY>,CCC,AAA,<ANY>,18384
883,95,DDD,<ANY>,DDD,CCC,7087
884,298,DDD,AAA,<ANY>,DDD,11315
885,705,AAA,CCC,CCC,AAA,9824
886,68,AAA,BBB,AAA,BBB,14781
887,945,<ANY>,AAA,BBB,AAA,10628
888,779,CCC,BBB,DDD,DDD,12328
889,835,<ANY>,BBB,BBB,DDD,16899
890,463,DDD,DDD,<ANY>,BBB,12268
891,745,AAA,BBB,AAA,AAA,1566
892,43,CCC,CCC,CCC,AAA,4695
893,513,AAA,BBB,CCC,CCC,18225
894,449,AAA,AAA,DDD,<ANY>,5137
895,223,DDD,AAA,CCC,BBB,10582
896,597,<ANY>,DDD,BBB,CCC,18686
897,538,<ANY>,CCC,AAA,AAA,16637
898,644,BBB,AAA,AAA,<ANY>,13766
899,622,DDD,DDD,BBB,AAA,5418
900,137,BBB,BBB,AAA,BBB,13466
901,582,<ANY>,CCC,AAA,<ANY>,16937
902,733,CCC,BBB,AAA,DDD,8559
903,302,AAA,<ANY>,DDD,DDD,2362
904,330,CCC,BBB,<ANY>,DDD,18567
905,657,AAA,AAA,AAA,CCC,1558
906,946,AAA,CCC,AAA,AAA,16738
907,486,BBB,AAA,AAA,AAA,14178
908,263,BBB,CCC,AAA,AAA,7139
909,120,CCC,<ANY>,CCC,AAA,6173
910,123,CCC,BBB,CCC,AAA,1817
911,275,<ANY>,BBB,DDD,<ANY>,19155
912,420,BBB,BBB,CCC,AAA,14834
913,451,BBB,AAA,<ANY>,BBB,7594
914,188,AAA,CCC,CCC,CCC,19895
915,866,BBB,DDD,CCC,<ANY>,1486
916,653,DDD,BBB,BBB,DDD,3832
917,952,<ANY>,<ANY>,BBB,<ANY>,615
918,575,BBB,AAA,<ANY>,<ANY>,10092
919,324,BBB,AAA,DDD,<ANY>,18607
920,898,DDD,BBB,AAA,CCC,101
921,241,DDD,<ANY>,CCC,CCC,11337
922,435,AAA,AAA,CCC,AAA,53
923,869,CCC,CCC,BBB,BBB,11213
924,741,CCC,AAA,DDD,DDD,19368
925,88,DDD,CCC,AAA,<ANY>,18530
926,221,AAA,AAA,CCC,<ANY>,19082
927,280,AAA,<ANY>,DDD,AAA,8494
928,785,<ANY>,AAA,DDD,BBB,502
929,260,<ANY>,DDD,CCC,<ANY>,10598
930,838,AAA,<ANY>,<ANY>,BBB,16977
931,526,AAA,<ANY>,<ANY>,DDD,18676
932,627,BBB,BBB,CCC,<ANY>,17359
933,815,BBB,BBB,CCC,AAA,9517
934,442,DDD,BBB,<ANY>,AAA,12732
935,103,BBB,DDD,AAA,DDD,1835
936,295,DDD,DDD,BBB,CCC,19178
937,314,BBB,CCC,BBB,BBB,7958
938,177,AAA,CCC,DDD,<ANY>,16719
939,80,<ANY>,CCC,AAA,<ANY>,13144
940,828,DDD,AAA,<ANY>,CCC,4596
941,83,<ANY>,CCC,<ANY>,BBB,12173
942,939,AAA,AAA,AAA,AAA,11175
943,368,DDD,AAA,DDD,BBB,18895
944,390,CCC,BBB,AAA,CCC,4606
945,221,AAA,CCC,<ANY>,CCC,12087
946,258,CCC,<ANY>,DDD,BBB,10302
947,243,CCC,<ANY>,CCC,BBB,6849
948,944,<ANY>,AAA,DDD,DDD,5371
949,936,CCC,DDD,DDD,CCC,2253
950,842,DDD,CCC,AAA,AAA,12854
951,640,<ANY>,AAA,CCC,AAA,2542
952,618,CCC,AAA,DDD,<ANY>,9362
953,990,AAA,<ANY>,AAA,CCC,19819
954,941,BBB,DDD,<ANY>,<ANY>,3111
955,524,CCC,<ANY>,DDD,BBB,8219
956,153,BBB,AAA,CCC,AAA,11023
957,882,<ANY>,<ANY>,DDD,AAA,10808
958,797,BBB,<ANY>,DDD,AAA,14297
959,719,DDD,AAA,AAA,DDD,3619
960,301,<ANY>,DDD,<ANY>,AAA,4679
961,426,DDD,AAA,DDD,AAA,1778
962,346,BBB,AAA,CCC,<ANY>,10711
963,639,DDD,<ANY>,BBB,CCC,11343
964,416,DDD,AAA,CCC,CCC,1342
965,374,<ANY>,DDD,AAA,DDD,7389
966,324,AAA,DDD,DDD,BBB,5243
967,519,BBB,DDD,<ANY>,BBB,19849
968,482,<ANY>,BBB,DDD,CCC,9397
969,830,BBB,CCC,<ANY>,CCC,11061
970,912,AAA,CCC,<ANY>,AAA,4348
971,573,BBB,<ANY>,CCC,AAA,8336
972,919,BBB,AAA,CCC,<ANY>,1474
973,786,<ANY>,CCC,<ANY>,CCC,10547
974,297,CCC,CCC,AAA,DDD,13178
975,509,BBB,DDD,CCC,BBB,13735
976,803,AAA,DDD,DDD,BBB,13732
977,466,AAA,<ANY>,<ANY>,DDD,3424
978,120,CCC,BBB,AAA,CCC,14628
979,318,BBB,CCC,DDD,BBB,13534
980,572,<ANY>,DDD,AAA,BBB,11258
981,756,CCC,BBB,BBB,<ANY>,7289
982,292,DDD,AAA,DDD,<ANY>,8183
983,686,BBB,AAA,BBB,<ANY>,14866
984,621,AAA,DDD,DDD,DDD,265
985,690,BBB,BBB,DDD,BBB,14614
986,609,BBB,<ANY>,BBB,CCC,18339
987,112,AAA,<ANY>,BBB,BBB,5801
988,183,DDD,DDD,<ANY>,DDD,10737
989,449,AAA,DDD,DDD,DDD,11733
990,490,BBB,DDD,DDD,<ANY>,5889
991,338,AAA,CCC,BBB,BBB,11811
992,774,BBB,BBB,AAA,AAA,6546
993,504,<ANY>,BBB,CCC,CCC,10016
994,921,<ANY>,<ANY>,<ANY>,CCC,1164
995,466,DDD,CCC,<ANY>,<ANY>,13104
996,220,DDD,BBB,<ANY>,AAA,10040
997,561,CCC,<ANY>,CCC,CCC,16555
998,493,DDD,<ANY>,AAA,AAA,3642
999,894,<ANY>,<ANY>,<ANY>,DDD,5071
1000,188,DDD,BBB,BBB,DDD,6693
